[
    {
      "name": "John Doe",
      "phnum": "1234567890",
      "field": "Web Development",
      "course": "Full-Stack Development",
      "skill": "React, Node.js, MongoDB",
      "age": 28,
      "explvl": "Intermediate",
      "costr": "2500",
      "cert": "yes",
      "duration": "24 weeks",
      "pace": "self paced",
      "style": "hands-on",
      "lang": "English",
      "links": "https://johndoeportfolio.com",
      "bio": "Passionate web developer with 4+ years of experience building dynamic web applications."
    },
    {
      "name": "Jane Smith",
      "phnum": "9876543210",
      "field": "Graphic Design",
      "course": "Creative Design Basics",
      "skill": "Adobe Photoshop, Illustrator",
      "age": 25,
      "explvl": "Beginner",
      "costr": "1500",
      "cert": "no",
      "duration": "12 weeks",
      "pace": "live",
      "style": "video session",
      "lang": "English",
      "links": "https://janesmithdesigns.com",
      "bio": "Creative graphic designer eager to bring unique visions to life through innovative design."
    },
    {
      "name": "Ali Khan",
      "phnum": "5678901234",
      "field": "Data Analysis",
      "course": "Data Science with Python",
      "skill": "Python, Pandas, SQL",
      "age": 30,
      "explvl": "Advanced",
      "costr": "4000",
      "cert": "yes",
      "duration": "36 weeks",
      "pace": "self paced",
      "style": "hands-on",
      "lang": "English, Urdu",
      "links": "https://alikhananalytics.com",
      "bio": "Experienced data analyst with expertise in uncovering actionable insights from complex datasets."
    },
    {
      "name": "Maria Lopez",
      "phnum": "3456789012",
      "field": "Digital Marketing",
      "course": "SEO and Social Media Marketing",
      "skill": "SEO, Google Ads, Content Strategy",
      "age": 27,
      "explvl": "Intermediate",
      "costr": "3000",
      "cert": "yes",
      "duration": "16 weeks",
      "pace": "live",
      "style": "video session",
      "lang": "Spanish, English",
      "links": "https://marialopezdigital.com",
      "bio": "Dedicated digital marketer with a knack for optimizing online presence and driving engagement."
    },
    {
      "name": "Raj Patel",
      "phnum": "7890123456",
      "field": "Mobile App Development",
      "course": "Android Development",
      "skill": "Kotlin, Java, Firebase",
      "age": 24,
      "explvl": "Beginner",
      "costr": "2000",
      "cert": "no",
      "duration": "20 weeks",
      "pace": "self paced",
      "style": "hands-on",
      "lang": "Hindi, English",
      "links": "https://rajpatelapps.com",
      "bio": "Enthusiastic app developer focusing on user-friendly and efficient mobile solutions."
    },
    {
      "name": "Emily Zhang",
      "phnum": "8901234567",
      "field": "Content Writing",
      "course": "Professional Writing",
      "skill": "Creative Writing, SEO Writing",
      "age": 29,
      "explvl": "Advanced",
      "costr": "5000",
      "cert": "yes",
      "duration": "32 weeks",
      "pace": "self paced",
      "style": "video session",
      "lang": "English, Mandarin",
      "links": "https://emilywrites.com",
      "bio": "Seasoned content writer helping brands craft compelling narratives."
    },
    {
      "name": "Liam O'Brien",
      "phnum": "9988776655",
      "field": "Cybersecurity",
      "course": "Ethical Hacking",
      "skill": "Penetration Testing, Network Security",
      "age": 26,
      "explvl": "Intermediate",
      "costr": "3500",
      "cert": "yes",
      "duration": "28 weeks",
      "pace": "live",
      "style": "hands-on",
      "lang": "English",
      "links": "https://liamsecure.com",
      "bio": "Cybersecurity enthusiast with a focus on ethical hacking and system vulnerabilities."
    },
    {
      "name": "Sophia Davis",
      "phnum": "7766554433",
      "field": "UI/UX Design",
      "course": "User Experience Design",
      "skill": "Figma, Wireframing, Prototyping",
      "age": 23,
      "explvl": "Beginner",
      "costr": "1800",
      "cert": "no",
      "duration": "18 weeks",
      "pace": "self paced",
      "style": "video session",
      "lang": "English",
      "links": "https://sophiadavisux.com",
      "bio": "Aspiring UI/UX designer creating intuitive and engaging user interfaces."
    },
    {
      "name": "Aarav Mehta",
      "phnum": "5671234567",
      "field": "Machine Learning",
      "course": "Deep Learning Specialization",
      "skill": "TensorFlow, PyTorch",
      "age": 32,
      "explvl": "Advanced",
      "costr": "5500",
      "cert": "yes",
      "duration": "40 weeks",
      "pace": "live",
      "style": "hands-on",
      "lang": "English, Hindi",
      "links": "https://aaravmlprojects.com",
      "bio": "AI and ML enthusiast specializing in predictive modeling and neural networks."
    },
    {
      "name": "Fatima Al-Hassan",
      "phnum": "6677889900",
      "field": "Video Editing",
      "course": "Professional Video Editing",
      "skill": "Adobe Premiere Pro, Final Cut Pro",
      "age": 28,
      "explvl": "Intermediate",
      "costr": "3000",
      "cert": "no",
      "duration": "24 weeks",
      "pace": "self paced",
      "style": "video session",
      "lang": "English, Arabic",
      "links": "https://fatimaediting.com",
      "bio": "Video editor passionate about creating engaging and impactful visual stories."
    },
    {
      "name": "Carlos Ramirez",
      "phnum": "3344556677",
      "field": "Animation",
      "course": "2D Animation Basics",
      "skill": "Toon Boom, Adobe Animate",
      "age": 22,
      "explvl": "Beginner",
      "costr": "2500",
      "cert": "no",
      "duration": "16 weeks",
      "pace": "live",
      "style": "hands-on",
      "lang": "Spanish, English",
      "links": "https://carlosanimations.com",
      "bio": "Aspiring animator bringing characters and stories to life."
    },
    {
      "name": "Nina Larson",
      "phnum": "1233211234",
      "field": "Photography",
      "course": "Professional Photography",
      "skill": "DSLR, Lightroom, Photoshop",
      "age": 35,
      "explvl": "Advanced",
      "costr": "6000",
      "cert": "yes",
      "duration": "30 weeks",
      "pace": "self paced",
      "style": "hands-on",
      "lang": "English",
      "links": "https://ninalarsonphotos.com",
      "bio": "Award-winning photographer capturing moments that matter."
    },
    
        {
          "name": "Amara Johnson",
          "phnum": "9517538520",
          "field": "Game Development",
          "course": "Unity 3D Game Design",
          "skill": "C#, Unity, Blender",
          "age": 26,
          "explvl": "Intermediate",
          "costr": "4000",
          "cert": "yes",
          "duration": "20 weeks",
          "pace": "live",
          "style": "hands-on",
          "lang": "English",
          "links": "https://amaragames.com",
          "bio": "Passionate game developer creating immersive and interactive experiences."
        },
        {
          "name": "Miguel Santos",
          "phnum": "8529637410",
          "field": "Blockchain",
          "course": "Ethereum Development",
          "skill": "Solidity, Smart Contracts",
          "age": 29,
          "explvl": "Advanced",
          "costr": "7500",
          "cert": "yes",
          "duration": "30 weeks",
          "pace": "self paced",
          "style": "hands-on",
          "lang": "Spanish, English",
          "links": "https://miguelsantoscrypto.com",
          "bio": "Expert in blockchain technology and decentralized application development."
        },
        {
          "name": "Hiroshi Tanaka",
          "phnum": "9876541230",
          "field": "Robotics",
          "course": "Robotics Programming",
          "skill": "Python, ROS, Arduino",
          "age": 32,
          "explvl": "Advanced",
          "costr": "6000",
          "cert": "yes",
          "duration": "40 weeks",
          "pace": "live",
          "style": "hands-on",
          "lang": "Japanese, English",
          "links": "https://hiroshirobotics.com",
          "bio": "Experienced robotics engineer working on intelligent automation systems."
        },
        {
          "name": "Emma Williams",
          "phnum": "7412589630",
          "field": "Health Tech",
          "course": "Healthcare Data Analysis",
          "skill": "Python, Tableau, Healthcare Systems",
          "age": 28,
          "explvl": "Intermediate",
          "costr": "5000",
          "cert": "yes",
          "duration": "25 weeks",
          "pace": "self paced",
          "style": "video session",
          "lang": "English",
          "links": "https://emmahealthtech.com",
          "bio": "Specialist in analyzing and interpreting healthcare data to improve patient outcomes."
        },
        {
          "name": "Ravi Gupta",
          "phnum": "9512368745",
          "field": "Mechanical Engineering",
          "course": "AutoCAD for Professionals",
          "skill": "AutoCAD, SolidWorks",
          "age": 35,
          "explvl": "Advanced",
          "costr": "6500",
          "cert": "yes",
          "duration": "18 weeks",
          "pace": "live",
          "style": "hands-on",
          "lang": "Hindi, English",
          "links": "https://ravimechanicaldesign.com",
          "bio": "Mechanical engineer with 10+ years of experience in design and innovation."
        },
        {
          "name": "Sophia Brown",
          "phnum": "8796542130",
          "field": "E-Learning",
          "course": "Instructional Design",
          "skill": "Storyboarding, LMS Development",
          "age": 31,
          "explvl": "Intermediate",
          "costr": "4500",
          "cert": "yes",
          "duration": "22 weeks",
          "pace": "self paced",
          "style": "video session",
          "lang": "English",
          "links": "https://sophiabrowndesign.com",
          "bio": "Expert in creating interactive and engaging e-learning courses."
        },
        {
          "name": "Ahmed Farouk",
          "phnum": "9238475610",
          "field": "IoT",
          "course": "IoT Development Basics",
          "skill": "Arduino, IoT Cloud",
          "age": 30,
          "explvl": "Beginner",
          "costr": "3200",
          "cert": "no",
          "duration": "20 weeks",
          "pace": "live",
          "style": "hands-on",
          "lang": "Arabic, English",
          "links": "https://ahmediotprojects.com",
          "bio": "Exploring the potential of IoT in smart home and industrial applications."
        },
        {
          "name": "Linda Carter",
          "phnum": "7894521360",
          "field": "Project Management",
          "course": "Agile Methodology",
          "skill": "Scrum, Jira",
          "age": 37,
          "explvl": "Advanced",
          "costr": "6000",
          "cert": "yes",
          "duration": "16 weeks",
          "pace": "self paced",
          "style": "video session",
          "lang": "English",
          "links": "https://lindaprojects.com",
          "bio": "Seasoned project manager driving projects to successful completion."
        },
        {
          "name": "Oluwaseun Adeyemi",
          "phnum": "8765432190",
          "field": "Renewable Energy",
          "course": "Solar Panel Installation",
          "skill": "SolarTech, PV Design",
          "age": 34,
          "explvl": "Intermediate",
          "costr": "4700",
          "cert": "yes",
          "duration": "12 weeks",
          "pace": "live",
          "style": "hands-on",
          "lang": "Yoruba, English",
          "links": "https://renewableseun.com",
          "bio": "Dedicated to making renewable energy accessible and affordable."
        },
        {
          "name": "Yuki Matsumoto",
          "phnum": "9182736450",
          "field": "Finance",
          "course": "Investment Analysis",
          "skill": "Excel, Power BI",
          "age": 29,
          "explvl": "Advanced",
          "costr": "6800",
          "cert": "yes",
          "duration": "28 weeks",
          "pace": "self paced",
          "style": "video session",
          "lang": "Japanese, English",
          "links": "https://yukifinance.com",
          "bio": "Expert in investment analysis and financial planning."
        },
            {
              "name": "Diego Morales",
              "phnum": "7418529630",
              "field": "Artificial Intelligence",
              "course": "AI for Beginners",
              "skill": "Python, Scikit-learn, TensorFlow",
              "age": 27,
              "explvl": "Intermediate",
              "costr": "5500",
              "cert": "yes",
              "duration": "24 weeks",
              "pace": "live",
              "style": "hands-on",
              "lang": "Spanish, English",
              "links": "https://diegomoralesai.com",
              "bio": "AI enthusiast developing innovative solutions to real-world problems."
            },
            {
              "name": "Chloe Kim",
              "phnum": "8527413690",
              "field": "Product Management",
              "course": "Design Thinking for PMs",
              "skill": "User Research, Roadmap Planning",
              "age": 33,
              "explvl": "Advanced",
              "costr": "7000",
              "cert": "yes",
              "duration": "16 weeks",
              "pace": "self paced",
              "style": "video session",
              "lang": "Korean, English",
              "links": "https://chloekimpm.com",
              "bio": "Experienced product manager transforming ideas into market-ready solutions."
            },
            {
              "name": "Ethan Taylor",
              "phnum": "9638527410",
              "field": "Network Security",
              "course": "Certified Ethical Hacker",
              "skill": "Wireshark, Cyber Threat Analysis",
              "age": 29,
              "explvl": "Advanced",
              "costr": "6200",
              "cert": "yes",
              "duration": "30 weeks",
              "pace": "live",
              "style": "hands-on",
              "lang": "English",
              "links": "https://ethantaylornetworks.com",
              "bio": "Dedicated to ensuring robust and secure network infrastructures."
            },
            {
              "name": "Isabella Rossi",
              "phnum": "9871236540",
              "field": "Sustainability",
              "course": "Circular Economy Basics",
              "skill": "Life Cycle Assessment, Policy Advocacy",
              "age": 31,
              "explvl": "Intermediate",
              "costr": "4800",
              "cert": "yes",
              "duration": "20 weeks",
              "pace": "self paced",
              "style": "video session",
              "lang": "Italian, English",
              "links": "https://isabellasustain.com",
              "bio": "Promoting sustainable practices for a greener planet."
            },
            {
              "name": "Rajesh Khanna",
              "phnum": "7893216540",
              "field": "Big Data",
              "course": "Hadoop and Spark",
              "skill": "Hadoop, Apache Spark, Hive",
              "age": 34,
              "explvl": "Advanced",
              "costr": "6300",
              "cert": "yes",
              "duration": "32 weeks",
              "pace": "live",
              "style": "hands-on",
              "lang": "Hindi, English",
              "links": "https://rajeshbigdata.com",
              "bio": "Expert in big data systems for large-scale data processing."
            },
            {
              "name": "Marie Dupont",
              "phnum": "6549873210",
              "field": "Language Learning",
              "course": "French for Beginners",
              "skill": "Language Tutoring, Cultural Insights",
              "age": 28,
              "explvl": "Beginner",
              "costr": "2500",
              "cert": "no",
              "duration": "12 weeks",
              "pace": "self paced",
              "style": "video session",
              "lang": "French, English",
              "links": "https://learnfrenchwithmarie.com",
              "bio": "Helping learners master the French language effectively."
            },
            {
              "name": "Omar Hassan",
              "phnum": "9513574860",
              "field": "Construction Management",
              "course": "Building Information Modeling (BIM)",
              "skill": "AutoCAD, Project Planning",
              "age": 36,
              "explvl": "Advanced",
              "costr": "5200",
              "cert": "yes",
              "duration": "28 weeks",
              "pace": "live",
              "style": "hands-on",
              "lang": "Arabic, English",
              "links": "https://omarconstruction.com",
              "bio": "Expert in modern construction management and planning techniques."
            },
            {
              "name": "Lila Chen",
              "phnum": "7896541230",
              "field": "Biotechnology",
              "course": "CRISPR Basics",
              "skill": "Genomic Editing, Lab Techniques",
              "age": 26,
              "explvl": "Intermediate",
              "costr": "5700",
              "cert": "yes",
              "duration": "24 weeks",
              "pace": "self paced",
              "style": "video session",
              "lang": "Mandarin, English",
              "links": "https://lilabiotech.com",
              "bio": "Biotech researcher focusing on cutting-edge genetic technologies."
            },
            {
              "name": "George Carter",
              "phnum": "9876549870",
              "field": "Music Production",
              "course": "Mixing and Mastering",
              "skill": "Pro Tools, Logic Pro",
              "age": 35,
              "explvl": "Advanced",
              "costr": "4800",
              "cert": "yes",
              "duration": "18 weeks",
              "pace": "live",
              "style": "hands-on",
              "lang": "English",
              "links": "https://georgemusic.com",
              "bio": "Helping artists achieve professional-quality sound."
            },
                {
                  "name": "Hiroshi Tanaka",
                  "phnum": "8475963210",
                  "field": "Game Development",
                  "course": "Unity Game Engine Basics",
                  "skill": "C#, Unity3D",
                  "age": 29,
                  "explvl": "Intermediate",
                  "costr": "4600",
                  "cert": "yes",
                  "duration": "20 weeks",
                  "pace": "live",
                  "style": "hands-on",
                  "lang": "Japanese, English",
                  "links": "https://hiroshigamedev.com",
                  "bio": "Game developer creating immersive gaming experiences using Unity."
                },
                {
                  "name": "Aisha Ahmed",
                  "phnum": "6547893210",
                  "field": "Interior Design",
                  "course": "Space Planning Essentials",
                  "skill": "AutoCAD, SketchUp",
                  "age": 31,
                  "explvl": "Advanced",
                  "costr": "5200",
                  "cert": "yes",
                  "duration": "24 weeks",
                  "pace": "self paced",
                  "style": "video session",
                  "lang": "Arabic, English",
                  "links": "https://aishadesignstudio.com",
                  "bio": "Designing functional and aesthetically pleasing interior spaces."
                },
                {
                  "name": "Carlos Gutierrez",
                  "phnum": "7896541230",
                  "field": "Blockchain Development",
                  "course": "Ethereum Smart Contracts",
                  "skill": "Solidity, Web3.js",
                  "age": 28,
                  "explvl": "Intermediate",
                  "costr": "6800",
                  "cert": "yes",
                  "duration": "18 weeks",
                  "pace": "live",
                  "style": "hands-on",
                  "lang": "Spanish, English",
                  "links": "https://carlosblockchain.com",
                  "bio": "Building decentralized applications for the future."
                },
                {
                  "name": "Priya Kapoor",
                  "phnum": "9123456780",
                  "field": "Creative Writing",
                  "course": "Storytelling Mastery",
                  "skill": "Fiction Writing, Character Development",
                  "age": 27,
                  "explvl": "Advanced",
                  "costr": "3500",
                  "cert": "no",
                  "duration": "16 weeks",
                  "pace": "self paced",
                  "style": "video session",
                  "lang": "Hindi, English",
                  "links": "https://priyakstories.com",
                  "bio": "Weaving compelling stories that resonate with readers."
                },
                {
                  "name": "Elena Petrova",
                  "phnum": "7984561230",
                  "field": "Social Media Management",
                  "course": "Instagram Growth Strategies",
                  "skill": "Content Planning, Analytics",
                  "age": 30,
                  "explvl": "Intermediate",
                  "costr": "3000",
                  "cert": "yes",
                  "duration": "12 weeks",
                  "pace": "live",
                  "style": "hands-on",
                  "lang": "Russian, English",
                  "links": "https://elenasocialpro.com",
                  "bio": "Helping brands grow their social media presence effectively."
                },
                {
                  "name": "Liam Hughes",
                  "phnum": "8765432190",
                  "field": "Audio Engineering",
                  "course": "Studio Recording Techniques",
                  "skill": "Pro Tools, Mixing",
                  "age": 32,
                  "explvl": "Advanced",
                  "costr": "4800",
                  "cert": "yes",
                  "duration": "28 weeks",
                  "pace": "self paced",
                  "style": "hands-on",
                  "lang": "English",
                  "links": "https://liamaudio.com",
                  "bio": "Crafting high-quality sound for music and media projects."
                },
                {
                  "name": "Zara Khan",
                  "phnum": "9873214560",
                  "field": "Fitness Coaching",
                  "course": "Certified Personal Trainer",
                  "skill": "Strength Training, Nutrition Planning",
                  "age": 26,
                  "explvl": "Intermediate",
                  "costr": "2500",
                  "cert": "yes",
                  "duration": "14 weeks",
                  "pace": "live",
                  "style": "video session",
                  "lang": "Urdu, English",
                  "links": "https://zarafit.com",
                  "bio": "Helping clients achieve their fitness goals with personalized plans."
                },
                {
                  "name": "Victor Müller",
                  "phnum": "7412589630",
                  "field": "3D Modeling",
                  "course": "Blender Fundamentals",
                  "skill": "3D Modeling, Texturing",
                  "age": 34,
                  "explvl": "Advanced",
                  "costr": "6000",
                  "cert": "yes",
                  "duration": "26 weeks",
                  "pace": "self paced",
                  "style": "hands-on",
                  "lang": "German, English",
                  "links": "https://victor3d.com",
                  "bio": "Creating detailed 3D models for games and films."
                },
                {
                  "name": "Sofia Martinez",
                  "phnum": "6541237890",
                  "field": "Health Coaching",
                  "course": "Holistic Health Basics",
                  "skill": "Mindfulness, Dietary Planning",
                  "age": 29,
                  "explvl": "Beginner",
                  "costr": "3200",
                  "cert": "no",
                  "duration": "10 weeks",
                  "pace": "self paced",
                  "style": "video session",
                  "lang": "Spanish, English",
                  "links": "https://sofiahealthcoach.com",
                  "bio": "Guiding clients to a healthier and more balanced lifestyle."
                },
                {
                  "name": "Aleksey Ivanov",
                  "phnum": "8523697410",
                  "field": "Cloud Computing",
                  "course": "AWS Essentials",
                  "skill": "AWS, Kubernetes",
                  "age": 35,
                  "explvl": "Advanced",
                  "costr": "7500",
                  "cert": "yes",
                  "duration": "22 weeks",
                  "pace": "live",
                  "style": "hands-on",
                  "lang": "Russian, English",
                  "links": "https://alekseycloudpro.com",
                  "bio": "Architecting scalable and secure cloud solutions."
                }
              
          
    ]
        